{
  "main.can-i-vote": "আমি কি নির্বাচন করতে পারি?",
  "main.choose-country": "আপনার দেশ বেছে নিন",
  "main.not-just-british-citizens": "যুক্তরাষ্ট্রের নির্বাচন শুধু ব্রিটিশ নাগরিকদের জন্য নয়.",
  "share.share": "শেয়ার",
  "share.whatsapp": "হোয়াটসঅ্যাপ",
  "share.facebook": "ফেসবুক",
  "share.twitter": "টুইটার",
  "socials.yes.image-alt": "হ্যাঁ, নাগরিকরা",
  "socials.yes.image-alt-cont": "ভোট দিতে পারে বৃহস্পতিবার,১২ ডিসেম্বর. রেজিষ্টার করুন. রেজিস্ট্রেশনের অন্তিম তারিখ: ২৬ নভেম্বর.",
  "socials.no.image-alt": "আমি কি ভোট দিতে পারি? শুধু ব্রিটিশরা ভোট দেয় না ইংল্যান্ডের নির্বাচনে  . রেজিষ্টার করুন. রেজিষ্ট্রেশনের অন্তিম তারিখ: ২৬ নভেম্বর.",
  "form.submit": "আমি কি ভোট দিতে পারি?",
  "result.yes": "হ্যাঁ, অবশ্যই!",
  "result.no": "না",
  "result.citizens-of": "নাগরিকরা",
  "result.result-yes": "ভোট দিতে পারে বৃহস্পতিবার,১২ ডিসেম্বর.",
  "result.result-no": "১২ ডিসেম্বর ভোট দিতে পারবেন না",
  "result.no-subtitle": "তার মানে এই নয় যে আপনি গণতন্ত্র রক্ষায় অংশগ্রহণ করতে পারবেন না.",
  "result.eu-subtitle": "কিন্তু আপনি কিছু স্থানীয় ইউরোপীয় নির্বাচনে অংশ নিতে পারবেন.",
  "result.register": "ভোট দিতে রেজিস্ট্রেশন করুন",
  "actions.no.first": "আপনি আপনার কমিউনিটি তে অংশ নিতে পারবেন, বিভিন্ন ইস্যুতে দলবদ্ধভাবে সুর তুলতে পারবেন যাতে তা সমাধান করা যায়.",
  "actions.no.second": "আপনি নির্বাচন প্রতিনিধির সঙ্গে যোগাযোগ করে বিস্তারিত সাহায্য পেতে পারেন.",
  "actions.no.third": "আপনি দেশের লাখ লাখ মানুষের সঙ্গে দলবদ্ধভাবে বিভিন্ন সামাজিক ইস্যুতে প্রয়োজনীয় ব্যবস্থা গ্রহণ করতে পারেন.",
  "actions.yes.first": "কমনওয়েল্থ নাগরিকরা যারা ইউ কে – তে আছেন,তারাও ভোট দিতে পারে  ইউ কে – এর নির্বাচনে.",
  "actions.yes.first-alternate": "আয়ারল্যান্ড-এর কমনওয়েল্থ নাগরিকরা যারা ইউ কে -তে আছেন ভোট দিতে পারে এই নির্বাচনে.",
  "actions.yes.second": "কোন আই ডি প্রুফ ভোট বুথে নিয়ে আসার প্রয়োজন নেই.",
  "actions.yes.third": "কোনো বুথে ইমিগ্রেশন ও বেনিফিট সংক্রান্ত প্রশ্ন করা হবে না.",
  "signup.title.h1": "নির্বাচন থেকেই শুরু হয় গণতন্ত্রের পদক্ষেপ.",
  "signup.title.h2": "কিন্তু এটা সেখানে থামে না.",
  "signup.subtitle": "পাড়া-প্রতিবেশী, বন্ধু বান্ধব, সহকর্মী সবার সাথে যোগদান করুন ; সামাজিক ন্যায়বিচার ও সর্বজনীন কল্যাণে তৎপর হয়ে এগিয়ে আসুন.",
  "signup.name": "নাম",
  "signup.email": "ইমেইল",
  "signup.phone": "নাম্বার (ঐচ্ছিক)",
  "signup.disclaimer": "উপরিউক্ত বিবরণ দিয়ে আপনি ইউ কে -এর বাসিন্দা হিসেবে সাইন আপ করতে যাচ্ছেন",
  "signup.submit": "সাইন আপ",
  "footer.paragraph": "আমরা ইউ.কে-এর কমিউনিটি অর্গানাইজেশন.আমাদের সদস্যরা রয়েছে ৪০০-এর অধিক সিভিক অর্গানাইজেশন থেকে. আমরা কোনো সরকারি সংস্থা নই এবং আমরা ফান্ড গঠন করি আমাদেরই সদস্য এবং প্রোজেক্ট থেকে."
}
