{
  "main.can-i-vote": "මට ඡන්දය ප්‍රකාශ කල හැකිද?",
  "main.choose-country": "ඔබේ රට තෝරන්න",
  "main.not-just-british-citizens": "එක්සත් රාජධානියේ මැතිවරණවලදී ඡන්දය දිය හැක්කේ බ්‍රිතාන්‍ය පුරවැසියන්ට පමණක් නොවේ.",
  "share.share": "ශෙයා(ර්) කරන්න",
  "share.whatsapp": "WhatsApp",
  "share.facebook": "Facebook",
  "share.twitter": "Twitter",
  "socials.yes.image-alt": "ඔව්! පුරවැසියන් ",
  "socials.yes.image-alt-cont": "දෙසැම්බර් 12 වන බ්‍රහස්පතින්දා ඡන්දය ප්‍රකාශ කල හැක. ඡන්දය ප්‍රකාශ කිරීමට ලියාපදිංචි වන්න. ලියාපදිංචි වීමට අවසාන දිනය: නොවැම්බර් 26.",
  "socials.no.image-alt": "මට ඡන්දය පකාශ කල හැකිද? එක්සත් රාජධානියේ මැතිවරණවලදී ඡන්දය ලබාදිය හැක්කේ බ්‍රිතාන්‍ය පුරවැසියන්ට පමණක් නොවේ. ඡන්දය ප්‍රකාශ කිරීමට ලියාපදිංචි වන්න. ලියාපදිංචි වීමට අවසාන දිනය: නොවැම්බර් 26.",
  "form.submit": "මට ඡන්දය ප්‍රකාශ කල හැකිද?",
  "result.yes": "ඔව්!",
  "result.no": "නැත!",
  "result.citizens-of": "පුරවැසියන්",
  "result.result-yes": "දෙසැම්බර් 12 වන බ්‍රහස්පතින්දා ඡන්දය ප්‍රකාශ කල හැක",
  "result.result-no": "දෙසැම්බර් 12 වන බ්‍රහස්පතින්දා ඡන්දය ප්‍රකාශ කල නොහැක",
  "result.no-subtitle": "නමුත් ඉන් ඔබට ප්‍රජාතන්ත්‍රවාදයට සහභාගී විය නොහැකි බව අදහස් නොවේ",
  "result.eu-subtitle": "නමුත් ඔබට ප්‍රාදේශීය, යුරෝපීය සහ සමහර පළාත් මැතිවරණවලදී ඡන්දය ප්‍රකාශ කළ හැකිය.",
  "result.register": "ඡන්දය ප්‍රකාශ කිරීමට ලියාපදිංචි වන්න",
  "actions.no.first": "ඔබට තවමත් ඔබේ ප්‍රජාවට සහභාගී විය හැකිය, ඔබේ අසල්වැසියන් සමඟ ඇති ගැටළු පිළිබඳව ක්‍රියා කර ඔබේ කටහඬ අවදි කල හැකිය.",
  "actions.no.second": "ඔබට තවමත් තේරී පත් වූ නියෝජිතයන් අමතා උපකාර ඉල්ලා සිටිය හැකිය.",
  "actions.no.third": "සමාජ සාධාරණත්වය පිළිබඳ ක්‍රියාමාර්ග ගන්නා රට පුරා සිටින මිලියන සංඛ්‍යාත ජනතාවක් සමඟ ඔබට එක්විය හැකිය.",
  "actions.yes.first": "එක්සත් රාජධානියේ රැඳී සිටීමට හෝ සිටීමට අවසර ඇති පොදුරාජ්‍ය මණ්ඩලීය ජාතිකයින්ට සියලුම එක්සත් රාජධානියේ මැතිවරණවලදී ඡන්දය ප්‍රකාශ කිරීමට සුදුසුකම් ඇත.",
  "actions.yes.first-alternate": "අයර්ලන්තයේ පුරවැසියන්ට සහ පොදුරාජ්‍ය මණ්ඩලීය සුදුසුකම් ලත් රටවලට එක්සත් රාජධානියේ ලිපිනයක පදිංචිව සිටී නම් එළඹෙන මහ මැතිවරණයේදී ඡන්දය ප්‍රකාශ කළ හැකිය.",
  "actions.yes.second": " ඔබ සමඟ කිසිදු හැඳුනුම්පත් ලේඛනයක් ඡන්දයට ගෙන ඒමට අවශ්‍ය නොවේ.",
  "actions.yes.third": "කිසිදු ඡන්ද මධ්‍යස්ථානයකදී ඔබගෙන් ආගමන හෝ ප්‍රතිලාභ සම්බන්ධ ප්‍රශ්න අසනු නොලැබේ.",
  "signup.title.h1": "ප්‍රජාතන්ත්‍රවාදය ආරම්භ වන්නේ ඡන්ද දිනයේ සිට ය.",
  "signup.title.h2": "නමුත් එය එතනින් අවසන් නොවේ.",
  "signup.subtitle": "සමාජ සාධාරණත්වය සහ පොදු යහපත උදෙසා දරණ ප්‍රයත්නය සඳහා අසල්වැසියන් සහ මිතුරන් සමඟ එක්වන්න.",
  "signup.name": "නම",
  "signup.email": "ඊමේල් ලිපිනය",
  "signup.phone": "දුරකථන අංකය (අවශ්‍ය නම්)",
  "signup.disclaimer": "ඔබ ඉහත සඳහන් තොරතුරු භාවිතා කරමින් එක්සත් රාජධානියේ පුරවැසියන් සමග සම්බන්ද වීම සඳහා ලියාපදිංචි වන්න",
  "signup.submit": "ලියාපදිංචි වන්න",
  "footer.paragraph": "එක්සත් රාජධානියේ ප්‍රජා සංවිධාන නිවහන අපයි. සිවිල් සංවිධාන 400 කට අධික සංඛ්‍යාවක විවිධ සාමාජික පාසල්, විශ්ව විද්‍යාල, පල්ලි, මුස්ලිම් පල්ලි, සිනගෝග, දෙමාපියන්ගේ කණ්ඩායම්, සෞඛ්‍ සංවිධාන, පුණ්‍යායතන සහ වෘත්තීය සමිති ඇතුළත් වේ. අපි රජය සමග සම්බන්ධ නොවී ස්වාධීනව කටයුතු කරන අතර අපගේ සාමාජිකත්ව සහ ව්‍යාපෘති මගින් අරමුදල් උපයාගනී."
}
