{
  "main.can-i-vote": "நான்  வாக்கு போட முடியுமா?",
  "main.choose-country": "உங்கள்  தேசத்தை தேர்வு செய்யுங்கள்.",
  "main.not-just-british-citizens": "ப்ரிட்டிஷ்  குடிமக்கள் மட்டும் தான்  வாக்கு அளிக்கலாம்  என்பது உண்மை  இலை .",
  "share.share": "பகீர்  செய்யவும்",
  "share.whatsapp": "புலனம்",
  "share.facebook": "முகநூல்",
  "share.twitter": "டிவிட்டர்",
  "socials.yes.image-alt": "ஆம்! ƒஇந்த நாடுகளின் குடிமக்கள்",
  "socials.yes.image-alt-cont": "டிசம்பர் 12 வியாழக்கிழமை வாக்களிக்க முடியும். வாக்களிக்க பதிவு செய்யுங்கள். பதிவு செய்ய காலக்கெடுநவம்பர் 26",
  "socials.no.image-alt": " நான் வாக்களிக்கலாமா? இது இங்கிலாந்து தேர்தல்களில் வாக்களிக்கக்கூடிய பிரிட்டிஷ் குடிமக்கள் மட்டுமல்ல. வாக்களிக்க பதிவு செய்யுங்கள். பதிவு செய்ய கடைசி நாள்: நவம்பர் 26",
  "form.submit": "நான் வாக்களிக்கலாமா?",
  "result.yes": "ஆம்!",
  "result.no": "இல்லை",
  "result.citizens-of": "இந்த நாடுகளின் குடிமக்கள்",
  "result.result-yes": "டிசம்பர் 12 வியாழக்கிழமை வாக்களிக்க முடியும்",
  "result.result-no": "டிசம்பர் 12 வியாழக்கிழமை வாக்களிக்க முடியாது",
  "result.result": "டிசம்பர் 12 வியாழக்கிழமை வாக்களிக்க முடியாது",
  "result.no-subtitle": "ஆனால் நீங்கள் ஜனநாயகத்தில் பங்கேற்க முடியாது என்று அர்த்தமல்ல.",
  "result.eu-subtitle": "ஆனால் நீங்கள் உள்ளூர், ஐரோப்பிய மற்றும் சில பிராந்திய தேர்தல்களில் வாக்களிக்க முடியும்.",
  "result.register": "வாக்களிக்க பதிவுசெய்க",
  "actions.no.first": "நீங்கள் இன்னும் உங்கள் சமூகத்தில் பங்கேற்கலாம், உங்கள் அயலவர்களுடனான பிரச்சினைகள் குறித்து நடவடிக்கை எடுத்து உங்கள் குரலைக் கேட்கலாம். ",
  "actions.no.second": "நீங்கள் இன்னும் தேர்ந்தெடுக்கப்பட்ட பிரதிநிதிகளை தொடர்பு கொண்டு உதவி கேட்கலாம்.",
  "actions.no.third": "சமூக நீதி பிரச்சினைகளில் நடவடிக்கை எடுக்கும் நாடு முழுவதும் உள்ள மில்லியன் கணக்கான மக்களுடன் நீங்கள் சேரலாம்",
  "actions.yes.first": "இங்கிலாந்தில் நுழைய அல்லது வெளியேற விடுப்பு உள்ள காமன்வெல்த் பிரஜைகள் அனைத்து இங்கிலாந்து தேர்தல்களிலும் வாக்களிக்க தகுதியுடையவர்கள்.",
  "actions.yes.first-alternate": "அயர்லாந்தின் குடிமக்கள் மற்றும் தகுதிவாய்ந்த காமன்வெல்த் நாடுகளும் இங்கிலாந்தில் ஒரு முகவரியில் வசிக்கிறார்களானால், வரவிருக்கும் பொதுத் தேர்தலில் வாக்களிக்க முடியும். ",
  "actions.yes.second": "எந்தவொரு அடையாள ஆவணங்களையும் உங்களுடன் வாக்கெடுப்புக்கு கொண்டு வர வேண்டியதில்லை",
  "actions.yes.third": "எந்தவொரு வாக்குச் சாவடிகளிலும் குடியேற்றம் அல்லது நன்மைகள் தொடர்பான கேள்விகள் உங்களிடம் கேட்கப்படாது",
  "signup.title.h1": "வாக்குப்பதிவு நாளில் ஜனநாயகம் தொடங்குகிறது.",
  "signup.title.h2": "ஆனால் அது அங்கே நிற்காது ",
  "signup.subtitle": "சமூக நீதி மற்றும் பொது நன்மைக்காக பிரச்சாரம் செய்ய அண்டை, நண்பர்கள் மற்றும் சக ஊழியர்களுடன் சேருங்கள்.",
  "signup.name": "பெயர்",
  "signup.email": "மின்னஞ்சல் முகவரி",
  "signup.phone": "எண் (விரும்பினால்)",
  "signup.disclaimer": "நீங்கள் மேலே வழங்கிய விவரங்களைப் பயன்படுத்தி சிட்டிசன்ஸ் யுகே தொடர்பு கொள்ள பதிவுபெறுக",
  "signup.submit": "பதிவுபெறு",
  "footer.paragraph": "நாங்கள் இங்கிலாந்தில் சமூக ஒழுங்கமைப்பின் அமைப்பு. 400 க்கும் மேற்பட்ட பல்வேறு உறுப்பினர்கல் பள்ளிகள், பல்கலைக்கழகங்கள், தேவாலயங்கள், மசூதிகள், , பெற்றோர் குழுக்கள், தொண்டு நிறுவனங்கள் மற்றும் தொழிற்சங்கங்கள் அடங்கும். நாங்கள் அரசாங்கத்திலிருந்து சுயாதீனமாக இருக்கிறோம்."
}
