{
  "main.can-i-vote": "کیا میں ووٹ دے سکتا ہوں ؟",
  "main.choose-country": "اپنے ملک کا انتخاب کریں",
  "main.not-just-british-citizens": "یہ برطانیہ کے انتخابات میں ووٹ دے سکتے ہیں جو صرف برطانوی شہری نہیں ہے.",
  "share.share": "حصہ داری",
  "share.whatsapp": "وتس آپ",
  "share.facebook": "فیس بوک",
  "share.twitter": "تویتر",
  "socials.yes.image-alt": "ہاں! کے شہریوں",
  "socials.yes.image-alt-cont": "جمعرات کو 12th دسمبر کو ووٹ دے سکتے ہیں ۔ ووٹ کے لئے رجسٹر کریں ۔ رجسٹر کرنے کے لئے اخری تاریخ: 26th نومبر.",
  "socials.no.image-alt": "کیا میں ووٹ دے سکتا ہوں ؟ یہ برطانیہ کے انتخابات میں ووٹ دے سکتے ہیں جو صرف برطانوی شہری نہیں ہے. ووٹ کے لئے رجسٹر کریں ۔ رجسٹر کرنے کے لئے اخری تاریخ: 26th نومبر.",
  "form.submit": "کیا میں ووٹ دے سکتا ہوں ؟",
  "result.yes": "ہاں!",
  "result.no": "نہيں",
  "result.citizens-of": "کے شہریوں",
  "result.result-yes": "جمعرات کو 12th دسمبر کو ووٹ دے سکتے ہیں",
  "result.result-old": "can't vote on Thursday December 12th",
  "result.result-no": "جمعرات کو 12th دسمبر کو ووٹ نہیں دے سکتا",
  "result.no-subtitle": "لیکن اس کا مطلب یہ نہیں کہ آپ جمہوریت میں شرکت نہیں کر سکتے.",
  "result.eu-subtitle": "لیکن آپ مقامی ، یورپی اور کچھ علاقائی انتخابات میں ووٹ دے سکتے ہیں ۔.",
  "result.register": "ووٹ کے لیے رجسٹر کریں",
  "actions.no.first": "آپ اب بھی اپنی کمیونٹی میں شرکت کر سکتے ہیں ، اپنے پڑوسیوں کے ساتھ مسائل پر کارروائی کریں اور اپنی آواز سنی.",
  "actions.no.second": "آپ اب بھی منتخب نمائندوں سے رابطہ کر سکتے ہیں اور مدد طلب کریں گے.",
  "actions.no.third": "آپ اس ملک کے ارد گرد لاکھوں لوگوں کے ساتھ شامل ہو سکتے ہیں جو ایک دوسرے کے ساتھ سماجی انصاف کے مسائل پر کارروائی کرتے ہیں.",
  "actions.yes.first": "دولت مشترکہ کے ساتھ برطانیہ میں داخل ہونے یا چھوڑنے کے لئے تمام برطانیہ کے انتخابات میں ووٹ دینے کے اہل ہیں ۔.",
  "actions.yes.first-alternate": "آئر لینڈ کے شہریوں اور بین دولت مشترکہ ممالک کو بھی آئندہ عام انتخابات میں ووٹ دے سکتے ہیں ، بشرطیکہ وہ برطانیہ میں ایک ایڈریس پر رہائش پذیر ہیں ۔.",
  "actions.yes.second": "آپ کو انتخابات کے لئے آپ کے ساتھ کوئی بھی شناختی دستاویزات لانے کی ضرورت نہیں ہے.",
  "actions.yes.third": "آپ سے کسی پولنگ سٹیشنوں پر کسی بھی امیگریشن یا فوائد سے متعلق سوالات نہیں پوچھے جائیں گے ۔",
  "signup.title.h1": "پولنگ کے دن جمہوریت کا آغاز.",
  "signup.title.h2": "لیکن یہ وہاں روکا نہیں ہے.",
  "signup.subtitle": "ہمسایوں ، دوستوں اور رفقائے کار کے ساتھ سماجی انصاف اور مشترکہ بھلائی کی مہم میں شامل ہونا.",
  "signup.name": "نام",
  "signup.email": "ای میل",
  "signup.phone": "نمبر (اختیاری)",
  "signup.disclaimer": "آپ کے اوپر فراہم کردہ تفصیلات کا استعمال کرتے ہوئے شہریوں برطانیہ کی طرف سے رابطہ قائم کرنے کے لئے سائن اپ کریں",
  "signup.submit": "سائن اپ",
  "footer.paragraph": "ہم برطانیہ میں منظم کمیونٹی کے گھر ہیں. 400 شہری تنظیموں کی ہماری متنوع رکنیت میں اسکولوں ، یونیورسٹیوں ، گرجا گھروں ، مساجد ، عبادت گاہوں ، والدین کے گروہوں ، صحت کے طریقوں ، خیراتی اداروں اور ٹریڈ یونینوں شامل ہیں ۔ ہم حکومت سے آزاد ہیں اور ہماری رکنیت اور ہمارے منصوبوں کی طرف سے فنڈ."
}
